Episode,PPO mean,PPO std,Double DQN mean,Double DQN std,DQN mean,DQN std,Q-learning mean,Q-learning std
0,0.0,0.0,0.0,0.0,0.0,0.0,0.0,0.0
25,0.0,0.0,0.0256,0.0363,0.0,0.0,0.0256,0.0181
50,0.0131,0.0092,0.0131,0.0185,0.0131,0.0092,0.0261,0.0185
75,0.0351,0.0062,0.0088,0.0124,0.0219,0.0124,0.0351,0.0124
100,0.0367,0.0125,0.01,0.0141,0.02,0.0082,0.0333,0.0047
125,0.07,0.0082,0.02,0.0082,0.02,0.0082,0.0267,0.0047
150,0.0967,0.0125,0.0267,0.0125,0.0167,0.0125,0.0233,0.0047
175,0.0933,0.017,0.0367,0.017,0.01,0.0141,0.01,0.0082
200,0.1167,0.017,0.0367,0.017,0.0167,0.0094,0.0067,0.0094
225,0.1167,0.0094,0.02,0.0163,0.02,0.0082,0.0067,0.0094
250,0.1433,0.033,0.0167,0.0125,0.02,0.0082,0.0033,0.0047
275,0.1667,0.0249,0.02,0.0283,0.0233,0.0047,0.0033,0.0047
300,0.18,0.0294,0.0167,0.0236,0.0133,0.0047,0.0033,0.0047
325,0.19,0.0497,0.02,0.0283,0.0133,0.0125,0.0067,0.0047
350,0.17,0.0163,0.0233,0.0262,0.02,0.0082,0.0067,0.0047
375,0.18,0.0216,0.0233,0.0125,0.0267,0.017,0.0067,0.0047
400,0.2033,0.033,0.0267,0.0094,0.0267,0.017,0.0067,0.0047
425,0.24,0.0424,0.0233,0.0047,0.0267,0.017,0.0067,0.0094
450,0.2667,0.0665,0.03,0.0163,0.0167,0.0094,0.01,0.0082
475,0.2767,0.0411,0.0333,0.017,0.01,0.0141,0.0167,0.0094
500,0.29,0.0589,0.0367,0.0125,0.0167,0.017,0.0167,0.0047
525,0.3,0.0616,0.0467,0.0094,0.0233,0.0189,0.0133,0.0047
550,0.31,0.0787,0.0567,0.0094,0.03,0.0163,0.01,0.0082
575,0.3033,0.0713,0.0533,0.0205,0.0233,0.0094,0.01,0.0141
600,0.3,0.0216,0.0733,0.0205,0.0267,0.0047,0.0133,0.0125
625,0.2567,0.0249,0.0667,0.0125,0.02,0.0082,0.0133,0.0125
650,0.2633,0.0249,0.07,0.0141,0.02,0.0,0.02,0.0082
675,0.29,0.0294,0.07,0.0082,0.03,0.0082,0.0267,0.0094
700,0.28,0.0356,0.07,0.0082,0.03,0.0,0.0233,0.0094
725,0.3033,0.0249,0.0733,0.0094,0.0333,0.0094,0.0267,0.0047
750,0.3,0.0163,0.0633,0.0047,0.0333,0.0047,0.0233,0.0047
775,0.3067,0.0125,0.0633,0.0236,0.0267,0.0125,0.01,0.0082
800,0.34,0.0141,0.0467,0.017,0.0267,0.0047,0.0167,0.0125
825,0.3733,0.017,0.0667,0.0309,0.0267,0.0047,0.02,0.0216
850,0.38,0.0356,0.0767,0.0464,0.0267,0.0125,0.0233,0.0189
875,0.3733,0.0262,0.0867,0.045,0.03,0.0141,0.0333,0.0205
900,0.3333,0.0205,0.09,0.0432,0.02,0.0141,0.0233,0.0094
925,0.31,0.0082,0.0833,0.0411,0.0167,0.017,0.02,0.0141
950,0.2933,0.0125,0.1,0.0294,0.03,0.0141,0.02,0.0163
975,0.2933,0.0386,0.11,0.0,0.05,0.0163,0.02,0.0
1000,0.3,0.049,0.1,0.0082,0.0567,0.0205,0.03,0.0082
1025,0.3067,0.0525,0.1133,0.0309,0.06,0.0216,0.03,0.0141
1050,0.3,0.0327,0.09,0.0327,0.0467,0.0236,0.03,0.0163
1075,0.2867,0.0287,0.0633,0.034,0.0333,0.0189,0.02,0.0082
1100,0.33,0.0141,0.0833,0.0262,0.0433,0.034,0.01,0.0082
1125,0.3233,0.0047,0.07,0.0283,0.0467,0.033,0.01,0.0
1150,0.35,0.0455,0.0767,0.017,0.0533,0.0309,0.0133,0.0125
1175,0.35,0.0589,0.0833,0.0047,0.05,0.0141,0.0167,0.0125
1200,0.32,0.0616,0.0733,0.0094,0.04,0.0141,0.02,0.0141
1225,0.34,0.0779,0.09,0.0216,0.04,0.0141,0.0167,0.0125
1250,0.3267,0.0464,0.0733,0.0386,0.0467,0.0125,0.01,0.0141
1275,0.3233,0.0368,0.0767,0.0478,0.0367,0.0125,0.01,0.0141
1300,0.3467,0.0471,0.0767,0.0471,0.0433,0.0125,0.01,0.0141
1325,0.3133,0.0287,0.05,0.0294,0.05,0.0,0.0167,0.0094
1350,0.3133,0.0125,0.0733,0.0205,0.0467,0.0236,0.0167,0.0047
1375,0.3133,0.017,0.0767,0.0262,0.0667,0.0125,0.0167,0.0047
1400,0.2867,0.0262,0.08,0.0082,0.07,0.0082,0.0133,0.0094
1425,0.3233,0.033,0.1033,0.0047,0.07,0.0141,0.0133,0.0125
1450,0.3233,0.0236,0.1133,0.0047,0.06,0.0374,0.0133,0.0125
1475,0.3367,0.0125,0.1167,0.017,0.0433,0.034,0.0133,0.0125
1500,0.3133,0.017,0.1167,0.0205,0.0333,0.0189,0.0333,0.0125
1525,0.3,0.0245,0.1233,0.0094,0.0267,0.0236,0.03,0.0082
1550,0.31,0.0455,0.11,0.0082,0.03,0.0283,0.03,0.0141
1575,0.3233,0.0759,0.1167,0.0125,0.0367,0.0205,0.0267,0.0125
1600,0.3333,0.0818,0.1233,0.0047,0.0433,0.0236,0.0167,0.0094
1625,0.3467,0.0665,0.11,0.0356,0.0633,0.0386,0.02,0.0141
1650,0.34,0.0638,0.1,0.0294,0.0667,0.0368,0.03,0.0216
1675,0.3367,0.0519,0.1067,0.033,0.0933,0.0309,0.0333,0.0262
1700,0.35,0.0535,0.11,0.0327,0.0967,0.0262,0.0333,0.0125
1725,0.3267,0.0579,0.1033,0.0249,0.0767,0.017,0.0267,0.0094
1750,0.34,0.0216,0.1067,0.0205,0.09,0.0216,0.0133,0.0047
1775,0.3433,0.017,0.0867,0.017,0.06,0.0141,0.01,0.0082
1800,0.3533,0.0386,0.0967,0.017,0.0533,0.0125,0.0033,0.0047
1825,0.36,0.0535,0.1167,0.017,0.0567,0.017,0.0067,0.0094
1850,0.37,0.0572,0.1233,0.017,0.0467,0.0386,0.01,0.0082
1875,0.3767,0.0531,0.14,0.0327,0.0467,0.0377,0.01,0.0082
1900,0.3667,0.0544,0.1167,0.0419,0.05,0.0216,0.0067,0.0047
1925,0.3533,0.0754,0.0967,0.0368,0.0467,0.0249,0.0033,0.0047
1950,0.3467,0.0519,0.1033,0.033,0.0467,0.0125,0.0033,0.0047
1975,0.3633,0.0573,0.1033,0.0125,0.0567,0.0047,0.0133,0.0047
2000,0.3633,0.033,0.12,0.0216,0.0633,0.0125,0.0167,0.0047
2025,0.3733,0.017,0.12,0.0141,0.0767,0.0094,0.02,0.0
2050,0.3633,0.0094,0.1133,0.034,0.08,0.0163,0.02,0.0082
2075,0.3267,0.0125,0.09,0.0294,0.0867,0.0262,0.0267,0.0125
2100,0.3433,0.034,0.0933,0.033,0.0767,0.0249,0.0267,0.0125
2125,0.3533,0.0309,0.1067,0.0262,0.0767,0.0249,0.0233,0.0094
2150,0.3833,0.0464,0.0933,0.0249,0.07,0.0082,0.0233,0.017
2175,0.3833,0.0492,0.1,0.0327,0.0533,0.0125,0.0067,0.0094
2200,0.39,0.0294,0.0967,0.0205,0.0633,0.0047,0.0033,0.0047
2225,0.3967,0.0556,0.0933,0.0125,0.0667,0.0125,0.0133,0.0125
2250,0.3633,0.0525,0.1167,0.017,0.0733,0.0047,0.0133,0.0125
2275,0.3733,0.0403,0.12,0.0163,0.09,0.0082,0.0167,0.017
2300,0.3667,0.045,0.1267,0.0125,0.11,0.0163,0.0267,0.0236
2325,0.35,0.0327,0.1467,0.0125,0.1,0.0216,0.02,0.0163
2350,0.35,0.0216,0.1233,0.0205,0.09,0.0216,0.0167,0.0125
2375,0.3467,0.0189,0.1433,0.033,0.0933,0.0047,0.0133,0.0094
2400,0.34,0.0432,0.13,0.0245,0.07,0.0082,0.0067,0.0047
2425,0.32,0.0535,0.1067,0.0125,0.0867,0.0047,0.0033,0.0047
2450,0.3267,0.0478,0.13,0.0216,0.1,0.0216,0.0033,0.0047
2475,0.3333,0.0419,0.11,0.0082,0.0833,0.0189,0.0067,0.0047
2500,0.33,0.0327,0.1067,0.0125,0.0867,0.0125,0.0067,0.0094
2525,0.3633,0.017,0.1167,0.0262,0.07,0.0141,0.0133,0.0047
2550,0.36,0.0082,0.0967,0.0125,0.0633,0.0047,0.0133,0.0047
2575,0.34,0.0245,0.1067,0.0249,0.0767,0.0236,0.0133,0.0047
2600,0.3367,0.0205,0.1067,0.0249,0.0667,0.0047,0.02,0.0
2625,0.3467,0.0189,0.0933,0.0419,0.06,0.0,0.0133,0.0047
2650,0.35,0.049,0.09,0.0327,0.07,0.0163,0.0133,0.0047
2675,0.38,0.0294,0.1,0.0141,0.06,0.0082,0.02,0.0082
2700,0.3733,0.0262,0.1067,0.0094,0.0633,0.0125,0.01,0.0082
2725,0.3667,0.0125,0.11,0.0082,0.07,0.0141,0.01,0.0082
2750,0.37,0.0327,0.1233,0.0047,0.07,0.0163,0.01,0.0082
2775,0.3533,0.0249,0.1067,0.017,0.08,0.0,0.0067,0.0047
2800,0.36,0.0141,0.1067,0.0287,0.0833,0.034,0.0133,0.0047
2825,0.35,0.0424,0.1067,0.0094,0.0833,0.0403,0.02,0.0141
2850,0.3367,0.017,0.1033,0.0125,0.08,0.0497,0.0233,0.0125
2875,0.33,0.0356,0.0967,0.0249,0.0667,0.0386,0.02,0.0163
2900,0.3367,0.0624,0.0933,0.033,0.07,0.0163,0.02,0.0082
2925,0.3167,0.0236,0.1,0.0432,0.07,0.0216,0.0167,0.0125
2950,0.3267,0.0262,0.1,0.0294,0.0533,0.017,0.0267,0.0047
2975,0.35,0.0327,0.1,0.0141,0.05,0.0,0.0233,0.0047
3000,0.36,0.0356,0.0867,0.0125,0.0533,0.0047,0.03,0.0082
3025,0.3667,0.0519,0.0667,0.0205,0.0533,0.0125,0.0367,0.0094
3050,0.35,0.0245,0.0533,0.034,0.06,0.0082,0.0267,0.0094
3075,0.3567,0.0386,0.0667,0.0249,0.0733,0.0047,0.0267,0.0094
3100,0.3533,0.0094,0.09,0.0283,0.08,0.0141,0.0167,0.0047
3125,0.36,0.0082,0.0933,0.0262,0.0867,0.0094,0.01,0.0
3150,0.3867,0.0236,0.1,0.0245,0.11,0.0294,0.0133,0.0094
3175,0.3733,0.0287,0.0833,0.0236,0.1033,0.0287,0.0233,0.0047
3200,0.3733,0.0094,0.0633,0.0125,0.0933,0.0419,0.0233,0.0047
3225,0.37,0.0294,0.0767,0.0205,0.0767,0.017,0.0267,0.0125
3250,0.36,0.0648,0.0733,0.0249,0.0467,0.0125,0.0233,0.017
3275,0.35,0.051,0.0867,0.0125,0.0367,0.0125,0.0133,0.0094
3300,0.3467,0.0478,0.0867,0.0125,0.02,0.0082,0.0133,0.0047
3325,0.3567,0.017,0.0733,0.0189,0.03,0.0,0.0067,0.0047
3350,0.3533,0.0125,0.0967,0.0125,0.05,0.0082,0.01,0.0
3375,0.37,0.0455,0.09,0.0245,0.0567,0.0125,0.01,0.0
3400,0.3667,0.0094,0.09,0.0245,0.08,0.0141,0.0067,0.0047
3425,0.37,0.0432,0.09,0.0283,0.09,0.0245,0.0067,0.0047
3450,0.3833,0.066,0.06,0.0,0.0733,0.0236,0.0067,0.0047
3475,0.3767,0.0838,0.0467,0.017,0.0767,0.033,0.0133,0.0047
3500,0.3933,0.0478,0.07,0.0082,0.0667,0.0262,0.02,0.0082
3525,0.4133,0.0544,0.0733,0.0125,0.0567,0.0125,0.0233,0.0094
3550,0.4,0.0424,0.09,0.0141,0.06,0.0082,0.0233,0.0125
3575,0.3933,0.0386,0.11,0.0141,0.0633,0.017,0.0233,0.017
3600,0.36,0.0216,0.0833,0.0125,0.0633,0.0236,0.02,0.0141
3625,0.3267,0.0411,0.0867,0.0125,0.06,0.0141,0.02,0.0141
3650,0.3233,0.0309,0.08,0.0141,0.07,0.0141,0.0167,0.0094
3675,0.33,0.0216,0.0733,0.0094,0.06,0.0216,0.0133,0.0094
3700,0.32,0.0082,0.0767,0.017,0.0833,0.0205,0.01,0.0082
3725,0.32,0.0082,0.0767,0.0205,0.0933,0.0094,0.01,0.0082
3750,0.3033,0.0236,0.0733,0.0287,0.09,0.0141,0.01,0.0141
3775,0.3067,0.0249,0.07,0.0294,0.1,0.0163,0.01,0.0141
3800,0.3267,0.0094,0.08,0.0163,0.09,0.0294,0.0133,0.0125
3825,0.3367,0.0309,0.0867,0.0125,0.0833,0.0368,0.0133,0.0125
3850,0.3533,0.0287,0.0933,0.017,0.07,0.0245,0.0167,0.0047
3875,0.3267,0.0262,0.0867,0.0262,0.07,0.0327,0.02,0.0082
3900,0.3267,0.0573,0.08,0.0141,0.0533,0.0189,0.0167,0.0094
3925,0.3233,0.0478,0.06,0.0082,0.0433,0.0205,0.0133,0.0125
3950,0.36,0.049,0.0533,0.0125,0.0633,0.0262,0.0167,0.0094
3975,0.3933,0.0309,0.07,0.0216,0.06,0.0,0.0133,0.0047
4000,0.4167,0.0309,0.07,0.0082,0.0633,0.0047,0.0167,0.0047
4025,0.4133,0.0368,0.0733,0.0094,0.0733,0.0125,0.0167,0.0047
4050,0.38,0.0424,0.0733,0.0047,0.0767,0.0205,0.01,0.0082
4075,0.3967,0.0544,0.06,0.0216,0.0867,0.0094,0.01,0.0
4100,0.3633,0.0544,0.06,0.0082,0.09,0.0082,0.0133,0.0047
4125,0.3933,0.0713,0.0533,0.0125,0.09,0.0216,0.02,0.0082
4150,0.3867,0.068,0.0633,0.017,0.0767,0.017,0.0167,0.0047
4175,0.39,0.0726,0.08,0.0082,0.07,0.0245,0.02,0.0082
4200,0.4,0.099,0.0733,0.017,0.07,0.0141,0.0167,0.0094
4225,0.3667,0.0946,0.0767,0.017,0.0733,0.0047,0.02,0.0082
4250,0.3633,0.0618,0.07,0.0216,0.0867,0.0125,0.0267,0.0125
4275,0.33,0.0432,0.0567,0.0094,0.08,0.0141,0.03,0.0163
4300,0.3433,0.0262,0.0633,0.0125,0.0833,0.0047,0.0267,0.0125
4325,0.36,0.0432,0.0767,0.0125,0.0833,0.0047,0.0233,0.0047
4350,0.38,0.051,0.07,0.0216,0.0767,0.0236,0.0233,0.0094
4375,0.3833,0.0544,0.0867,0.0047,0.0867,0.0368,0.0167,0.0125
4400,0.3633,0.0556,0.0833,0.0125,0.07,0.0408,0.02,0.0141
4425,0.3767,0.0591,0.0833,0.017,0.0667,0.045,0.0233,0.017
4450,0.3767,0.0531,0.0967,0.0262,0.0567,0.0262,0.0233,0.0205
4475,0.3767,0.033,0.0933,0.0205,0.0633,0.0249,0.0267,0.0249
4500,0.4,0.0141,0.08,0.0216,0.0767,0.0189,0.03,0.0163
4525,0.3667,0.0205,0.0733,0.0262,0.0767,0.0094,0.0267,0.017
4550,0.3567,0.0525,0.0833,0.034,0.0967,0.0411,0.0233,0.0094
4575,0.34,0.0455,0.0733,0.0236,0.0867,0.0189,0.0267,0.0125
4600,0.35,0.0374,0.0967,0.0368,0.0867,0.0205,0.03,0.0163
4625,0.3833,0.0556,0.0867,0.034,0.0867,0.0094,0.0267,0.0125
4650,0.3667,0.0492,0.08,0.0163,0.0833,0.0205,0.0333,0.0094
4675,0.38,0.0455,0.0867,0.017,0.0867,0.017,0.0233,0.0047
4700,0.3733,0.0478,0.0867,0.0125,0.0867,0.0094,0.0233,0.0047
4725,0.3433,0.0189,0.0867,0.0189,0.09,0.0082,0.0233,0.0047
4750,0.3767,0.0047,0.0867,0.0386,0.0833,0.033,0.0167,0.0094
4775,0.3867,0.017,0.08,0.0374,0.0667,0.0309,0.02,0.0082
4800,0.37,0.0163,0.08,0.0327,0.0633,0.017,0.02,0.0163
4825,0.4,0.0294,0.0833,0.017,0.07,0.0082,0.02,0.0163
4850,0.39,0.0408,0.0733,0.0094,0.0733,0.0205,0.02,0.0216
4875,0.3767,0.0205,0.08,0.0082,0.1,0.0283,0.02,0.0216
4900,0.38,0.0245,0.07,0.0082,0.1067,0.045,0.0133,0.0047
4925,0.37,0.0455,0.0733,0.0125,0.0967,0.0377,0.0167,0.0047
4950,0.3767,0.0741,0.08,0.0,0.1033,0.0411,0.0133,0.0047
4975,0.3833,0.0419,0.08,0.0163,0.0833,0.0386,0.0133,0.0125
